<manifest alg="2" build="2018.1.0.386" opt="false" iceEnabled="true" iceMarkupVersion="2" iceEnabledOptions="link,responsive,cachebuster,textStyling" exportTarget="other" domain="ant.cleaning-wh.ru" resolutions="1x" timestamp="1604051934407">
  <folder name="css">
    <file name="site_global.css" crc="24408175"/>
    <file name="master_______-a.css" crc="3794930197" ref="oferta:politika:без-имени-6:index:без-имени-4:без-имени-5"/>
    <file name="oferta.css" crc="475286374" ref="oferta"/>
    <file name="iefonts_oferta.css" crc="3836000315" ref="oferta"/>
    <file name="politika.css" crc="397026322" ref="politika"/>
    <file name="iefonts_politika.css" crc="3836000315" ref="politika"/>
    <file name="___-_____-6.css" crc="184171459" ref="без-имени-6"/>
    <file name="iefonts____-_____-6.css" crc="3836000315" ref="без-имени-6"/>
    <file name="index.css" crc="4194032381" ref="index"/>
    <file name="iefonts_index.css" crc="381887003" ref="index"/>
    <file name="___-_____-4.css" crc="184171459" ref="без-имени-4"/>
    <file name="iefonts____-_____-4.css" crc="3836000315" ref="без-имени-4"/>
    <file name="___-_____-5.css" crc="184171459" ref="без-имени-5"/>
    <file name="iefonts____-_____-5.css" crc="3836000315" ref="без-имени-5"/>
  </folder>
  <folder name="scripts">
    <file name="jquery-1.8.3.min.js" crc="209076791" ref="index:politika:oferta:без-имени-4:без-имени-5:без-имени-6"/>
    <file name="museutils.js" crc="340535759" ref="index:politika:oferta:без-имени-4:без-имени-5:без-имени-6"/>
    <file name="whatinput.js" crc="86476730" ref="index:politika:oferta:без-имени-4:без-имени-5:без-имени-6"/>
    <file name="museconfig.js" crc="4286661555" ref="index:politika:oferta:без-имени-4:без-имени-5:без-имени-6"/>
    <file name="jquery.musepolyfill.bgsize.js" crc="4260645839" ref="index"/>
    <file name="jquery.watch.js" crc="51536988" ref="index:politika:oferta:без-имени-4:без-имени-5:без-имени-6"/>
    <file name="require.js" crc="7928878" ref="index:politika:oferta:без-имени-4:без-имени-5:без-имени-6"/>
  </folder>
  <folder name="images">
    <file name="л.png" crc="358983487" ref="index">
      <caption webpage="index" alt=""/>
    </file>
    <file name="png.png" crc="4218429605" ref="index">
      <caption webpage="index" alt=""/>
    </file>
    <file name="1.jpg" crc="4076440847" ref="index">
      <caption webpage="index" alt=""/>
    </file>
    <file name="2.jpg" crc="3892434374" ref="index">
      <caption webpage="index" alt=""/>
    </file>
    <file name="ант-3.jpg" crc="3775526954" ref="index">
      <caption webpage="index" alt=""/>
    </file>
    <file name="3.jpg" crc="276639390" ref="index">
      <caption webpage="index" alt=""/>
    </file>
    <file name="4.jpg" crc="4227473015" ref="index">
      <caption webpage="index" alt=""/>
    </file>
    <file name="5.jpg" crc="3787604149" ref="index">
      <caption webpage="index" alt=""/>
    </file>
    <file name="а.jpg" crc="3774084491" ref="index">
      <caption webpage="index" alt=""/>
    </file>
    <file name="wp-line2.svg" crc="4067889130" seo="true" ref="index">
      <caption webpage="index" alt=""/>
      <caption webpage="index" alt=""/>
    </file>
    <file name="wp-line2_poster_.png" crc="3936089467" ref="index"/>
    <file name="triangular1-u2354.png" crc="171066643" ref="index:politika:oferta:без-имени-4:без-имени-5:без-имени-6"/>
  </folder>
  <file name="index.html" crc="3989916807" seo="true" mt="1603998585899" redirect="true"/>
  <file name="politika.html" crc="186000937" seo="true" mt="1603998245469" redirect="true"/>
  <file name="oferta.html" crc="200739288" seo="true" mt="1603998245469" redirect="true"/>
  <file name="без-имени-4.html" crc="4173013441" seo="true" mt="1603998252879" redirect="true"/>
  <file name="без-имени-5.html" crc="242592768" seo="true" mt="1603998254910" redirect="true"/>
  <file name="без-имени-6.html" crc="354826819" seo="true" mt="1603998256260" redirect="true"/>
</manifest>